Workbook
Name Negotiation_Path: Dropdowns!$A$30:$A$32
Name Role_Level: Dropdowns!$A$35:$A$45
Name Source: Dropdowns!$A$21:$A$27
Name Status: Dropdowns!$A$1:$A$18
Name Work_Arrangement: Dropdowns!$A$48:$A$50

Sheet Applications
A1: Date Applied | B1: Company | C1: Role Title | D1: Team | E1: Location | F1: Work Arrangement | G1: Job Link | H1: Job ID/Req | I1: Role Level | J1: Recruiter Name | K1: Recruiter Email | L1: Hiring Manager | M1: HM Email | N1: Source | O1: Source Detail | P1: Referrer Name | Q1: Referrer Email | R1: Resume Version | S1: Cover Letter Version | T1: Portfolio Link | U1: Status | V1: Status Date | W1: Next Action | X1: Next Action Due | Y1: Follow-up # | Z1: Next Follow-up Due | AA1: Screening Date | AB1: HM Interview Date | AC1: Take-home Assigned | AD1: Take-home Due | AE1: Onsite Date | AF1: Offer Received Date | AG1: Offer Decision Due | AH1: Negotiation Path | AI1: Base Target | AJ1: Equity Target | AK1: Sign-on Target | AL1: Outcome | AM1: Outcome Notes | AN1: Tags | AO1: Notes | AP1: Days Since Applied | AQ1: Days Since Last Update
A2: 2025-11-10 | B2: ExampleCorp AI | C2: Machine Learning Engineer | D2: Recommendations | E2: Remote (US) | F2: Remote | G2: https://jobs.example.com/ml-eng-1234 | H2: ML-1234 | I2: Senior IC | J2: A. Recruiter | K2: recruiter@example.com | L2: H. Manager | M2: hm@example.com | N2: Warm—Referral | O2: Alumni (UW-Madison) | P2: J. Alum | Q2: jalum@example.com | R2: v3-ML-RecSys | S2: v2 | T2: https://your-site.example/portfolio | U2: Recruiter Screen — Scheduled | V2: 2025-11-13 | W2: Prep STAR stories + metrics | X2: 2025-11-12 | Y2: 1 | Z2: 2025-11-19 | AA2: 2025-11-14 | AH2: N/A | AI2: 210000 | AJ2: 350000 | AK2: 25000 | AL2: Pending | AN2: LLMOps, RecSys | AO2: Referral from alumni Slack; emphasize p95 latency win and cost cuts. | AP2: =IF(A2="","",TODAY()-A2) -> 5 | AQ2: =IF(V2="","",TODAY()-V2) -> 2
A3: 2025-11-07 | B3: Redwood Robotics | C3: AI Research Scientist | D3: Planning & Control | E3: San Francisco, CA | F3: Hybrid | G3: https://jobs.redwood.ai/research-567 | H3: RS-567 | I3: Staff | J3: B. Talent | K3: btalent@redwood.ai | L3: Dr. K. Lee | M3: klee@redwood.ai | N3: Cold—Portal | R3: v2-Research-Planning | S3: v1 | T3: https://github.com/you/ctrl-planner | U3: Applied (Cold) | V3: 2025-11-07 | W3: Warm outreach to lab alum | X3: 2025-11-11 | Y3: 0 | Z3: 2025-11-15 | AH3: N/A | AI3: 230000 | AJ3: 500000 | AK3: 30000 | AL3: Pending | AN3: Robotics, Control | AO3: Tailor abstract; cite SOTA delta w/ compute budget. | AP3: =IF(A3="","",TODAY()-A3) -> 8 | AQ3: =IF(V3="","",TODAY()-V3) -> 8
A4: 2025-11-01 | B4: Nimbus Cloud | C4: ML Platform Engineer | D4: Model Serving | E4: Austin, TX | F4: Onsite | G4: https://careers.nimbus.com/ml-platform-210 | H4: MLP-210 | I4: IC3 | J4: C. PeopleOps | K4: people@nimbus.com | L4: S. Patel | M4: spatel@nimbus.com | N4: Warm—Event/Conference | O4: Met at Vamos Ventures Summit | R4: v1-Platform-Serving | T4: https://your-site.example/serving-case-study | U4: Onsite — Done | V4: 2025-11-09 | W4: Send thank you + wait for decision | X4: 2025-11-10 | Y4: 2 | Z4: 2025-11-16 | AA4: 2025-11-03 | AB4: 2025-11-05 | AC4: 2025-11-06 | AD4: 2025-11-07 | AE4: 2025-11-09 | AH4: A — Competitive offer | AI4: 200000 | AJ4: 300000 | AK4: 20000 | AL4: Pending | AN4: Serving, Triton, vLLM | AO4: Demoed p95 latency drop via quantization + caching. | AP4: =IF(A4="","",TODAY()-A4) -> 14 | AQ4: =IF(V4="","",TODAY()-V4) -> 6
AP5: =IF(A5="","",TODAY()-A5) | AQ5: =IF(V5="","",TODAY()-V5)
AP6: =IF(A6="","",TODAY()-A6) | AQ6: =IF(V6="","",TODAY()-V6)
AP7: =IF(A7="","",TODAY()-A7) | AQ7: =IF(V7="","",TODAY()-V7)
AP8: =IF(A8="","",TODAY()-A8) | AQ8: =IF(V8="","",TODAY()-V8)
AP9: =IF(A9="","",TODAY()-A9) | AQ9: =IF(V9="","",TODAY()-V9)
AP10: =IF(A10="","",TODAY()-A10) | AQ10: =IF(V10="","",TODAY()-V10)
AP11: =IF(A11="","",TODAY()-A11) | AQ11: =IF(V11="","",TODAY()-V11)
AP12: =IF(A12="","",TODAY()-A12) | AQ12: =IF(V12="","",TODAY()-V12)
AP13: =IF(A13="","",TODAY()-A13) | AQ13: =IF(V13="","",TODAY()-V13)
AP14: =IF(A14="","",TODAY()-A14) | AQ14: =IF(V14="","",TODAY()-V14)
AP15: =IF(A15="","",TODAY()-A15) | AQ15: =IF(V15="","",TODAY()-V15)
AP16: =IF(A16="","",TODAY()-A16) | AQ16: =IF(V16="","",TODAY()-V16)
... AP1000: =IF(A1000="","",TODAY()-A1000) | AQ1000: =IF(V1000="","",TODAY()-V1000)

Sheet Dropdowns
A1: Status
A2: Researching JD
A3: Drafting Materials
A4: Referred (Warm)
A5: Applied (Cold)
A6: Recruiter Screen — Scheduled
A7: Recruiter Screen — Done
A8: Hiring Manager — Scheduled
A9: Hiring Manager — Done
A10: Take-home — Assigned
A11: Take-home — Submitted
A12: Onsite — Scheduled
... A51: Onsite

Sheet Summary
A1: Application Tracker Summary
A3: Total Applications | B3: =COUNTA(Applications!B2:B1000) -> 3
A4: Screens (Recruiter Screen*) | B4: =COUNTIF(Applications!U2:U1000,"Recruiter Screen*") -> 1
A5: HM Interviews (Done) | B5: =COUNTIF(Applications!U2:U1000,"Hiring Manager — Done") -> 0
A6: Onsites (Done) | B6: =COUNTIF(Applications!U2:U1000,"Onsite — Done") -> 1
A7: Offers (Negotiating/Accepted) | B7: =COUNTIF(Applications!U2:U1000,"Offer — *") -> 0
A9: Applied → Screen Conversion | B9: =IFERROR(B4/B3,0) -> 0.33333333
